file,正常分數,異常分數,判定
11236.jpg,0.0241217203438282,0.03635033965110779,異常
